{
  "n_train": 801,
  "n_val": 268,
  "n_test": 268,
  "baseline_fairness": {
    "sex": {
      "groups": {
        "female": {
          "selection_rate": 0.3984375,
          "ci95": [
            0.3153846153846154,
            0.48299463853337943
          ],
          "n": 128
        },
        "male": {
          "selection_rate": 0.44285714285714284,
          "ci95": [
            0.3583153973509934,
            0.5273972602739726
          ],
          "n": 140
        }
      },
      "demographic_parity_ratio": 0.8996975806451614,
      "demographic_parity_ratio_ci95": [
        0.6740276741941623,
        0.9952027089580354
      ]
    },
    "region": {
      "groups": {
        "northeast": {
          "selection_rate": 0.48148148148148145,
          "ci95": [
            0.3488119312436805,
            0.6136363636363636
          ],
          "n": 54
        },
        "northwest": {
          "selection_rate": 0.37662337662337664,
          "ci95": [
            0.26864761558063344,
            0.4861111111111111
          ],
          "n": 77
        },
        "southeast": {
          "selection_rate": 0.4411764705882353,
          "ci95": [
            0.3293956486704271,
            0.5625
          ],
          "n": 68
        },
        "southwest": {
          "selection_rate": 0.4057971014492754,
          "ci95": [
            0.2891392493049119,
            0.5151515151515151
          ],
          "n": 69
        }
      },
      "demographic_parity_ratio": 0.7822177822177823,
      "demographic_parity_ratio_ci95": [
        0.5007893668831169,
        0.9014786066116107
      ]
    },
    "smoker": {
      "groups": {
        "no": {
          "selection_rate": 0.27230046948356806,
          "ci95": [
            0.21695566480644876,
            0.3333715596330273
          ],
          "n": 213
        },
        "yes": {
          "selection_rate": 1.0,
          "ci95": [
            1.0,
            1.0
          ],
          "n": 55
        }
      },
      "demographic_parity_ratio": 0.27230046948356806,
      "demographic_parity_ratio_ci95": [
        0.2146118721461187,
        0.3333333333333333
      ]
    }
  },
  "overall_accuracy": {
    "value": 0.9328358208955224,
    "ci95": [
      0.9029850746268657,
      0.9626865671641791
    ]
  },
  "mitigation_sex": {
    "fit_on": "validation",
    "evaluated_on": "test",
    "selection_rate": {
      "female": [
        0.3984375,
        0.390625
      ],
      "male": [
        0.44285714285714284,
        0.4357142857142857
      ]
    },
    "sex_gap_pt": [
      4.441964285714284,
      4.508928571428572
    ],
    "demographic_parity_ratio": [
      0.8996975806451614,
      0.8965163934426229
    ],
    "equalized_odds_ratio": [
      0.0,
      0.0
    ],
    "accuracy": [
      0.9328358208955224,
      0.9328358208955224
    ],
    "f1": [
      0.9243697478991597,
      0.923728813559322
    ]
  },
  "calibration": {
    "brier": {
      "raw": 0.059873901307582855,
      "calibrated": 0.05828725834546759
    },
    "ece": {
      "raw": 0.048218335692228664,
      "calibrated": 0.027120627073654507
    }
  }
}